Ranking,Team,GP,PTS,FGM,FGA,FG%,3PM,3PA,3P%,FTM,FTA,FT%,OR,DR,REB,AST,STL,BLK,TO,PF
1,Arizona Wildcats,31.0,87.3,31.4,64.7,48.6,7.3,18.9,38.7,17.1,21.8,78.4,13.6,25.9,39.5,18.6,6.8,4.6,15.1,16.1
2,Troy Trojans,31.0,84.6,30.1,67.9,44.4,11.7,32.7,35.9,12.6,17.6,71.9,14.5,23.3,37.8,17.6,11.4,3.8,11.3,14.4
3,Wake Forest Demon Deacons,31.0,83.5,28.5,59.8,47.6,7.6,19.7,38.6,19.0,26.7,71.2,13.5,23.6,37.0,15.7,8.9,3.1,14.7,20.6
4,Gonzaga Bulldogs,30.0,82.4,29.3,56.9,51.4,6.4,15.9,40.3,17.5,23.3,75.2,11.6,28.1,39.7,18.3,6.3,3.7,13.6,16.1
5,North Carolina Tar Heels,30.0,82.1,29.2,63.8,45.8,6.5,18.5,35.1,17.2,25.0,68.8,15.3,24.4,39.7,18.0,9.5,4.0,15.4,18.5
6,Chattanooga Mocs,30.0,82.1,28.7,58.4,49.2,7.7,20.5,37.6,17.0,23.1,73.5,12.3,23.2,35.5,17.8,8.3,2.4,16.0,17.2
7,Washington Huskies,31.0,82.0,28.7,61.6,46.6,6.5,18.4,35.3,18.1,25.4,71.3,12.3,23.3,35.6,16.2,7.3,2.9,15.2,21.5
8,Niagara Purple Eagles,32.0,81.6,27.0,60.4,44.6,6.8,20.7,32.7,20.9,28.2,74.2,14.5,25.6,40.1,15.4,7.1,4.8,14.4,19.7
9,Oral Roberts Golden Eagles,28.0,80.9,27.7,58.2,47.6,7.9,20.3,38.9,17.6,23.1,76.0,10.6,24.3,34.9,17.1,6.5,2.0,14.8,19.1
10,Georgia Southern Eagles,29.0,80.6,28.3,65.0,43.5,7.5,21.6,34.8,16.4,23.9,68.9,14.6,24.7,39.3,17.5,11.3,4.4,16.2,22.0
11,Murray State Racers,34.0,80.3,29.2,59.1,49.5,6.6,19.4,34.0,15.2,21.5,71.0,12.2,24.9,37.1,18.7,8.0,4.3,14.0,18.0
12,Duke Blue Devils,36.0,79.6,27.4,58.1,47.1,7.2,19.5,36.8,17.8,23.9,74.4,13.2,23.1,36.3,14.7,9.3,6.4,13.7,18.5
13,East Tennessee State Buccaneers,33.0,79.3,28.7,62.4,45.9,6.1,17.6,34.7,15.9,23.1,68.9,12.5,26.0,38.5,15.3,11.6,5.8,15.6,16.8
14,Charlotte 49ers,30.0,79.1,27.1,60.2,45.0,7.7,22.7,34.0,17.3,26.6,64.9,14.7,26.0,40.7,16.1,8.8,3.0,15.3,18.9
15,Lamar Cardinals,29.0,79.1,27.9,67.1,41.5,6.8,22.1,30.9,16.6,23.8,69.5,15.1,24.1,39.2,14.0,9.3,4.4,15.1,18.8
16,Pepperdine Waves,31.0,78.9,27.8,61.0,45.6,7.2,19.8,36.2,16.1,22.5,71.6,12.2,22.0,34.2,14.2,7.0,2.5,12.5,19.5
17,UConn Huskies,39.0,78.8,29.6,61.6,48.0,6.4,15.9,40.2,13.2,21.2,62.3,15.0,29.6,44.7,17.5,6.0,8.1,13.6,15.9
18,Western Michigan Broncos,31.0,78.5,27.3,59.4,45.9,7.0,18.9,37.1,17.0,23.6,72.1,14.5,23.5,38.0,15.3,8.9,2.7,13.3,19.4
19,IUPUI Jaguars,32.0,78.3,26.4,58.0,45.6,7.6,20.6,36.8,17.9,25.4,70.4,13.2,24.2,37.4,13.6,6.3,2.3,12.9,18.3
20,Texas Longhorns,32.0,77.5,27.7,62.1,44.5,7.0,18.6,37.8,15.2,22.2,68.3,16.2,25.1,41.3,13.7,6.7,3.8,11.7,19.4
21,UTEP Miners,32.0,77.5,26.1,54.6,47.7,6.2,16.0,38.4,19.2,25.5,75.2,10.3,24.3,34.6,16.3,7.1,2.7,13.9,17.8
22,Oklahoma State Cowboys,34.0,77.4,28.8,55.9,51.6,4.8,12.5,38.1,15.0,21.6,69.5,11.6,24.1,35.6,16.2,7.8,3.6,13.4,18.7
23,Saint Joseph's Hawks,32.0,77.4,27.1,56.9,47.5,9.8,24.2,40.4,13.5,19.2,70.2,9.6,23.0,32.6,16.3,9.1,3.4,11.6,17.0
24,Mississippi State Bulldogs,30.0,77.3,27.4,58.9,46.5,6.6,18.6,35.4,15.9,23.9,66.4,14.8,26.2,41.0,13.9,9.3,4.4,15.3,16.3
25,Milwaukee Panthers,31.0,77.3,27.0,56.7,47.7,6.9,18.5,37.2,16.3,23.1,70.5,12.3,23.4,35.7,16.8,6.4,3.8,15.5,20.9
26,Florida Atlantic Owls,28.0,77.0,28.6,65.5,43.6,7.5,21.6,34.8,12.4,18.8,66.0,14.5,23.5,38.0,15.1,9.3,3.6,15.7,21.3
27,Louisiana Ragin' Cajuns,29.0,77.0,27.5,59.1,46.5,8.2,22.0,37.1,13.9,20.2,68.9,11.8,22.3,34.1,16.3,9.0,2.1,14.4,18.6
28,Maryland Terrapins,31.0,76.8,27.8,63.0,44.1,5.2,15.4,33.5,16.1,25.7,62.6,15.6,25.5,41.1,14.1,8.5,6.8,15.2,19.6
29,Tennessee Tech Golden Eagles,28.0,76.8,27.8,61.2,45.4,8.3,22.4,36.8,13.0,18.1,71.6,12.6,24.0,36.6,15.4,6.8,2.1,14.6,19.7
30,Toledo Rockets,31.0,76.7,27.0,57.9,46.6,7.3,18.6,39.1,15.5,21.6,71.8,11.0,22.7,33.7,14.8,7.7,2.5,14.8,21.9
31,Cincinnati Bearcats,32.0,76.7,27.1,59.2,45.8,7.4,19.1,38.7,15.1,22.6,66.9,13.1,24.3,37.4,16.2,7.5,5.3,12.3,19.3
32,Saint Mary's Gaels,31.0,76.7,26.0,55.9,46.6,7.2,19.2,37.4,17.5,24.3,71.9,12.8,25.4,38.2,12.8,6.6,3.2,16.4,19.2
33,Georgia Tech Yellow Jackets,38.0,76.6,27.1,58.2,46.5,7.0,19.2,36.6,15.4,22.3,69.2,11.3,26.1,37.4,15.2,8.9,4.5,15.2,20.9
34,Florida Gators,30.0,76.5,26.8,55.5,48.3,8.0,21.3,37.4,15.0,19.9,75.1,10.2,24.9,35.1,16.1,6.6,3.1,14.7,18.8
35,Western Kentucky Hilltoppers,28.0,76.3,27.2,57.9,47.0,7.1,19.1,37.1,14.8,23.9,62.1,14.5,24.2,38.8,14.5,6.4,2.3,15.3,20.5
36,Northeastern Huskies,30.0,76.0,25.7,61.6,41.8,8.5,25.4,33.6,16.0,24.7,64.8,13.9,23.0,36.9,13.4,8.8,3.8,14.7,19.3
37,Northern Arizona Lumberjacks,29.0,75.9,26.3,57.9,45.5,8.4,21.4,39.1,14.9,20.7,72.0,10.1,26.1,36.2,16.2,5.5,4.6,16.3,19.3
38,Nevada Wolf Pack,34.0,75.9,26.5,58.6,45.3,5.1,14.7,34.3,17.8,24.4,72.9,13.2,25.7,38.9,14.1,6.4,4.5,13.1,18.4
39,Kansas Jayhawks,33.0,75.8,27.1,58.3,46.5,5.7,17.0,33.5,15.9,22.5,70.7,12.4,27.1,39.5,17.3,7.0,5.0,14.7,20.0
40,Saint Peter's Peacocks,29.0,75.7,25.2,60.8,41.4,8.9,25.1,35.6,16.4,23.4,70.1,13.1,22.2,35.3,12.8,7.0,3.4,13.0,20.8
41,Lafayette Leopards,28.0,75.6,26.1,54.0,48.3,7.9,19.8,40.0,15.5,21.8,71.3,8.9,25.7,34.6,15.3,5.5,5.1,15.3,18.0
42,UAB Blazers,32.0,75.4,27.6,62.7,44.0,6.7,20.2,33.0,13.7,20.5,66.6,12.5,22.4,35.0,17.6,11.6,3.6,13.5,21.2
43,USC Trojans,28.0,75.4,26.6,61.7,43.2,6.8,22.2,30.8,15.3,23.1,66.3,12.8,23.6,36.4,13.7,8.9,3.3,15.3,20.5
44,Morehead State Eagles,29.0,75.2,26.1,55.2,47.3,6.1,17.0,36.2,16.9,22.6,74.7,10.3,23.4,33.8,14.9,7.0,1.8,13.6,16.0
45,George Washington Revolutionaries,30.0,75.0,26.6,57.7,46.1,5.9,17.1,34.8,15.9,22.3,71.2,13.3,23.0,36.3,15.1,8.6,3.4,15.6,19.0
46,Buffalo Bulls,29.0,75.0,26.6,57.6,46.2,6.4,17.0,37.9,15.4,22.9,67.3,12.7,23.1,35.8,13.2,8.0,2.9,15.0,21.8
47,Sam Houston Bearkats,28.0,75.0,26.3,58.9,44.7,5.5,17.3,32.0,16.8,24.1,69.7,12.4,24.4,36.8,18.9,8.5,4.3,17.6,20.1
48,Oregon Ducks,31.0,74.9,25.4,55.5,45.7,9.0,22.8,39.5,15.1,20.9,72.4,10.0,23.5,33.5,16.2,5.3,2.0,15.1,18.8
49,Georgia State Panthers,29.0,74.8,26.8,57.1,46.8,7.3,20.4,35.8,14.0,19.2,72.7,12.1,24.0,36.1,16.0,7.3,3.6,15.1,18.3
50,Jacksonville State Gamecocks,28.0,74.7,26.8,57.6,46.5,7.2,19.8,36.2,14.0,21.3,65.6,11.6,22.6,34.1,14.6,8.3,2.6,14.2,21.2
51,Western Carolina Catamounts,28.0,74.7,25.4,54.5,46.5,5.4,15.8,33.9,18.6,25.5,73.0,10.8,24.1,34.9,14.0,8.8,1.9,18.3,19.0
52,Iowa State Cyclones,33.0,74.6,28.0,60.1,46.6,4.7,12.7,36.8,13.8,21.2,65.3,13.0,24.6,37.6,14.4,8.0,4.3,14.8,17.1
53,Manhattan Jaspers,31.0,74.5,24.6,55.6,44.2,5.8,15.8,36.8,19.6,25.7,76.1,12.1,22.7,34.8,10.9,9.3,4.1,12.7,20.4
54,Oakland Golden Grizzlies,30.0,74.5,26.5,61.4,43.2,6.4,19.4,33.1,15.0,23.1,65.0,12.9,22.2,35.1,14.3,8.8,3.3,13.6,19.3
55,Virginia Cavaliers,31.0,74.4,26.0,58.4,44.6,6.2,18.6,33.2,16.1,23.6,68.2,11.5,23.0,34.5,14.5,6.9,4.3,14.1,20.0
56,Arkansas State Red Wolves,28.0,74.2,25.3,56.5,44.7,7.0,19.6,35.6,16.7,22.9,72.9,12.8,23.5,36.3,11.3,6.8,2.9,15.5,20.6
57,Northwestern State Demons,28.0,74.2,26.4,62.2,42.4,5.4,16.8,31.9,16.1,23.9,67.2,14.4,26.5,40.9,15.2,7.8,4.4,16.9,22.4
58,Missouri Tigers,30.0,74.2,25.9,58.1,44.6,6.9,19.7,35.1,15.5,21.8,70.9,13.7,24.1,37.8,13.9,5.6,4.3,14.4,19.1
59,Colorado Buffaloes,29.0,74.2,26.1,56.4,46.4,6.5,17.4,37.2,15.4,24.8,62.1,12.5,26.2,38.7,13.9,5.9,6.0,14.6,17.9
60,Rice Owls,33.0,74.1,26.3,55.4,47.4,5.2,14.8,35.0,16.4,23.1,71.0,10.9,23.2,34.2,14.9,8.3,3.5,16.0,18.5
61,Arizona State Sun Devils,27.0,74.1,23.9,55.5,43.1,6.0,17.7,33.7,20.3,27.6,73.5,12.1,23.5,35.6,15.8,5.6,3.2,15.1,20.9
62,McNeese Cowboys,27.0,74.1,25.5,58.4,43.6,5.6,17.0,33.0,17.5,24.4,71.6,13.6,22.3,35.9,12.5,7.9,4.0,18.4,25.0
63,Birmingham-Southern Panthers,27.0,74.0,25.2,52.3,48.2,9.0,20.9,43.0,14.6,21.0,69.5,11.4,24.2,35.6,15.8,7.6,3.2,15.9,19.3
64,UNLV Rebels,31.0,74.0,25.8,54.5,47.4,6.0,16.7,36.1,16.3,23.1,70.4,10.1,23.5,33.6,14.5,6.7,3.5,15.2,18.9
65,Kansas City Roos,29.0,74.0,24.9,58.2,42.7,8.7,24.5,35.6,15.5,22.4,69.2,11.7,22.2,33.9,14.1,8.3,2.8,12.4,19.6
66,Boise State Broncos,33.0,73.7,25.8,57.7,44.7,6.7,19.4,34.6,15.3,20.8,73.8,11.5,22.9,34.4,14.0,6.4,3.2,13.0,17.2
67,Old Dominion Monarchs,29.0,73.7,26.2,59.3,44.2,6.7,19.7,34.2,14.5,20.2,72.0,12.8,25.6,38.4,17.0,7.9,3.6,15.6,19.1
68,Stanford Cardinal,32.0,73.6,26.5,55.3,47.9,5.3,14.5,36.4,15.3,20.3,75.1,11.4,25.4,36.8,16.1,6.4,4.4,14.1,17.8
69,Charleston Cougars,29.0,73.6,25.5,57.7,44.2,8.3,22.3,37.3,14.3,20.1,71.1,10.5,25.5,36.0,14.3,7.9,4.6,15.0,18.7
70,Sacred Heart Pioneers,27.0,73.6,27.6,62.7,44.0,5.3,16.0,33.3,13.1,19.5,67.2,13.1,23.8,36.9,14.5,7.8,4.1,16.1,20.1
71,SE Louisiana Lions,29.0,73.5,25.6,56.4,45.4,5.8,17.4,33.0,16.5,24.3,68.0,11.6,23.8,35.4,13.9,7.2,3.2,14.0,18.8
72,Idaho State Bengals,31.0,73.5,27.2,58.7,46.3,6.3,16.7,37.6,12.7,19.5,65.0,7.9,22.1,30.0,15.9,8.2,3.9,13.2,18.4
73,Kentucky Wildcats,31.0,73.4,26.9,56.9,47.2,6.4,17.8,35.6,13.3,19.3,69.1,12.0,24.2,36.1,15.6,7.9,3.5,14.9,18.2
74,Illinois Fighting Illini,32.0,73.4,27.2,57.8,47.1,7.0,20.2,34.9,11.9,17.1,69.8,11.9,23.2,35.1,17.4,6.8,3.8,12.2,18.8
75,BYU Cougars,30.0,73.3,25.5,52.3,48.7,5.7,16.3,35.0,16.7,23.1,72.4,10.5,23.4,34.0,14.8,6.9,3.3,13.6,18.8
76,Eastern Kentucky Colonels,29.0,73.3,26.0,55.7,46.7,6.5,17.7,36.9,14.7,22.8,64.5,11.4,22.9,34.3,16.3,7.3,2.4,15.9,20.3
77,Texas Tech Red Raiders,34.0,73.2,27.1,58.3,46.5,3.7,10.9,33.7,15.3,20.7,74.1,11.3,22.6,33.9,14.9,8.2,3.4,12.5,16.5
78,Furman Paladins,29.0,73.2,25.8,57.2,45.1,7.3,20.7,35.3,14.4,20.6,70.0,11.4,26.0,37.4,15.7,8.3,3.5,15.6,17.8
79,Louisville Cardinals,30.0,73.2,24.6,58.6,41.9,8.0,23.8,33.8,16.0,21.4,74.9,11.7,25.8,37.5,15.3,8.3,5.1,13.8,20.5
80,Vanderbilt Commodores,33.0,73.2,25.5,56.8,44.9,8.0,21.7,36.7,14.2,20.0,71.1,11.1,23.7,34.8,16.4,7.5,3.4,12.7,17.5
81,Texas A&M-Corpus Christi Islanders,26.0,73.1,26.5,56.9,46.6,4.6,13.8,33.5,15.5,21.8,71.1,13.7,23.6,37.3,15.8,7.2,1.6,17.0,17.8
82,Davidson Wildcats,29.0,73.1,25.2,57.2,44.1,7.8,21.7,35.9,14.8,20.6,71.7,12.4,26.0,38.5,14.9,5.8,1.2,17.3,19.9
83,Quinnipiac Bobcats,29.0,73.1,26.2,61.4,42.6,7.8,21.6,36.2,12.9,18.4,70.2,11.5,24.6,36.0,16.3,6.1,1.8,14.6,22.0
84,Syracuse Orange,31.0,73.1,27.3,59.0,46.3,4.5,13.9,32.8,13.9,21.6,64.3,13.6,24.4,38.0,15.0,7.6,6.6,12.7,17.9
85,Wofford Terriers,29.0,73.0,26.4,58.8,44.9,7.9,22.2,35.6,12.4,20.1,61.7,11.3,23.4,34.7,16.3,8.2,3.9,18.2,20.8
86,UNC Greensboro Spartans,28.0,73.0,27.0,58.9,45.9,5.7,17.3,33.1,13.2,18.1,72.8,11.7,23.0,34.7,13.5,8.4,4.3,16.9,18.7
87,NC State Wolfpack,31.0,72.9,24.5,54.5,45.0,8.4,24.3,34.5,15.5,19.4,79.9,10.2,23.5,33.7,14.6,6.7,2.2,13.5,18.6
88,Drexel Dragons,29.0,72.9,25.9,56.3,45.9,7.3,18.9,38.8,13.8,20.5,67.3,9.6,24.7,34.2,16.1,7.9,3.8,12.9,19.5
89,Kent State Golden Flashes,31.0,72.8,25.5,57.8,44.1,8.5,22.3,38.2,13.4,18.7,71.5,11.8,23.3,35.1,16.6,7.7,3.5,12.9,19.0
90,UT Martin Skyhawks,28.0,72.8,26.3,60.1,43.8,6.4,20.1,31.8,13.7,20.4,67.4,12.9,24.0,36.8,15.7,8.2,2.7,15.8,19.3
91,UTSA Roadrunners,33.0,72.7,24.6,57.5,42.9,7.1,19.6,36.1,16.4,23.5,69.7,12.6,25.1,37.6,12.8,7.6,3.0,17.1,19.2
92,North Texas Mean Green,28.0,72.5,25.7,59.2,43.4,6.3,18.6,33.5,14.8,23.1,64.0,14.4,26.1,40.5,11.6,6.4,4.9,16.6,20.6
93,Brown Bears,27.0,72.4,26.0,57.8,45.0,7.7,21.1,36.5,12.7,18.0,70.2,9.3,23.7,33.0,15.8,8.9,3.1,15.3,18.4
94,Memphis Tigers,30.0,72.4,24.5,58.4,42.0,8.6,24.1,35.9,14.7,22.4,65.7,13.4,24.6,38.0,14.2,7.3,5.0,12.8,18.0
95,Belmont Bruins,30.0,72.4,24.8,54.5,45.6,9.8,27.3,35.8,12.9,18.9,68.6,9.7,23.4,33.2,16.5,9.0,2.4,14.6,18.0
96,UT Arlington Mavericks,29.0,72.3,24.3,52.3,46.4,4.6,12.7,36.5,19.1,25.7,74.5,11.2,23.6,34.7,12.2,6.7,2.9,16.6,17.6
97,Florida A&M Rattlers,32.0,72.2,23.3,56.3,41.5,8.5,24.4,34.7,17.1,24.1,70.8,11.7,22.4,34.1,12.7,8.5,1.6,16.8,21.6
98,Alabama Crimson Tide,33.0,72.1,24.6,54.6,45.1,7.1,18.7,37.8,15.8,22.3,70.9,11.1,23.7,34.8,12.0,6.5,3.4,12.8,18.0
99,Oregon State Beavers,28.0,72.1,26.0,62.1,41.9,5.8,17.0,34.1,14.3,20.5,69.6,13.4,22.6,36.0,14.3,7.3,2.3,14.1,18.2
100,High Point Panthers,30.0,72.0,26.7,58.5,45.7,4.6,14.3,32.4,13.9,22.4,62.1,13.3,24.4,37.7,13.8,8.9,2.5,17.3,20.5
101,Texas A&M Aggies,28.0,71.9,25.1,60.5,41.5,6.1,18.8,32.5,15.6,22.8,68.4,15.8,22.3,38.0,14.8,6.2,1.3,14.9,21.1
102,Seton Hall Pirates,31.0,71.9,26.0,56.7,45.8,5.8,16.8,34.7,14.0,19.6,71.4,11.6,25.0,36.6,13.1,6.7,3.1,13.0,18.4
103,Wichita State Shockers,32.0,71.8,24.7,53.4,46.3,6.8,18.4,36.7,15.6,21.1,74.0,10.5,27.2,37.7,16.5,5.6,2.4,15.0,19.2
104,Mercer Bears,30.0,71.8,25.0,57.8,43.3,7.6,20.4,37.2,14.1,20.5,69.1,13.3,23.5,36.8,13.6,5.9,3.3,17.0,17.6
105,Little Rock Trojans,29.0,71.8,24.0,54.3,44.3,5.3,15.8,33.3,18.4,25.5,72.3,13.0,24.0,37.0,12.0,6.4,3.2,15.7,20.0
106,Akron Zips,28.0,71.8,24.9,53.3,46.6,6.2,17.0,36.3,15.9,24.6,64.5,11.2,22.4,33.6,15.1,7.4,2.5,14.6,19.5
107,William & Mary Tribe,28.0,71.7,24.8,57.3,43.3,6.3,19.9,31.5,15.8,22.6,69.7,12.8,24.1,36.9,15.8,6.2,2.0,15.7,19.5
108,Iona Gaels,29.0,71.7,25.9,58.3,44.4,5.4,15.6,34.6,14.6,22.2,65.4,12.4,25.8,38.2,15.0,7.7,5.6,15.8,20.2
109,George Mason Patriots,33.0,71.6,25.0,56.9,43.9,6.4,19.5,32.7,15.2,22.6,67.5,11.7,23.7,35.4,13.8,8.5,3.0,15.5,18.0
110,UT Rio Grande Valley Vaqueros,28.0,71.6,23.6,58.9,40.1,7.8,23.0,33.9,16.6,23.7,70.1,13.9,25.4,39.3,13.6,8.0,3.0,16.3,20.6
111,Miami Hurricanes,30.0,71.6,26.4,58.8,44.9,5.9,17.4,33.8,12.8,18.2,70.5,12.9,22.4,35.3,13.5,8.5,3.5,15.4,19.1
112,Valparaiso Beacons,31.0,71.5,24.7,56.1,44.0,5.3,17.3,30.8,16.8,23.9,70.5,11.9,26.3,38.2,15.3,6.8,3.1,16.1,22.3
113,Florida State Seminoles,33.0,71.5,24.7,56.4,43.8,9.0,23.9,37.6,13.1,19.1,68.6,11.7,24.4,36.1,14.9,8.8,3.8,15.7,19.0
114,Pennsylvania Quakers,27.0,71.4,24.8,54.7,45.3,8.7,22.0,39.7,13.1,19.1,68.8,10.9,24.0,34.9,16.0,6.4,2.7,13.6,17.8
115,Iowa Hawkeyes,29.0,71.4,24.4,53.0,46.0,5.7,15.5,36.5,16.9,25.2,67.2,10.8,27.1,37.9,15.2,7.2,4.5,16.3,18.7
116,St. Francis Brooklyn Terriers,28.0,71.3,25.1,58.7,42.7,9.2,25.7,35.8,12.0,18.0,66.5,11.0,24.1,35.0,13.5,8.6,4.1,15.3,21.3
117,Michigan State Spartans,30.0,71.3,24.9,50.6,49.2,6.3,15.8,40.1,15.1,19.5,77.1,9.0,21.3,30.3,14.7,7.1,1.8,14.6,21.0
118,Stephen F. Austin Lumberjacks,30.0,71.3,26.2,57.2,45.8,6.0,16.0,37.2,12.9,18.3,70.6,11.7,21.7,33.4,12.7,8.9,1.5,13.9,20.5
119,Xavier Musketeers,37.0,71.2,24.5,55.6,44.1,7.7,20.4,37.6,14.5,21.0,68.9,11.9,24.0,35.9,13.4,6.8,2.4,12.4,16.7
120,Marquette Golden Eagles,31.0,71.2,23.6,55.3,42.8,7.5,18.5,40.2,16.5,22.0,74.7,12.8,23.0,35.8,12.8,5.7,2.5,14.5,19.4
121,Tennessee Volunteers,29.0,71.1,24.2,54.9,44.1,5.5,15.9,34.7,17.2,23.7,72.5,12.6,24.2,36.8,15.0,6.0,3.3,15.0,18.3
122,Coastal Carolina Chanticleers,29.0,71.1,25.6,58.1,44.0,6.7,17.8,37.6,13.2,18.7,70.8,12.6,25.0,37.6,14.6,7.7,2.0,16.2,19.4
123,Southeast Missouri State Redhawks,27.0,71.0,25.4,56.5,45.0,7.4,19.8,37.6,12.7,17.9,71.2,10.4,21.5,31.9,13.6,6.7,2.2,12.2,16.9
124,Sacramento State Hornets,28.0,71.0,24.0,59.3,40.5,8.0,22.1,36.3,15.0,22.4,67.0,12.8,23.4,36.3,13.5,8.6,3.0,14.9,22.2
125,Providence Friars,29.0,71.0,24.7,54.9,45.0,7.9,21.7,36.2,13.7,19.1,72.0,11.8,21.9,33.7,15.8,9.1,4.9,14.9,16.2
126,Southern Illinois Salukis,30.0,71.0,26.2,59.2,44.3,6.2,18.3,33.8,12.4,18.0,68.9,13.1,22.1,35.2,14.1,10.1,3.0,12.0,19.2
127,VCU Rams,31.0,71.0,26.2,55.1,47.5,6.7,17.1,39.2,12.0,19.8,60.6,12.2,25.2,37.4,13.1,6.7,3.9,16.5,17.7
128,Jacksonville Dolphins,28.0,71.0,24.6,55.7,44.2,6.9,19.8,34.7,14.9,22.1,67.5,12.5,22.6,35.2,13.7,7.7,6.0,17.8,18.8
129,Delaware Blue Hens,28.0,71.0,24.8,57.7,43.0,5.9,16.1,36.7,15.4,22.3,69.1,12.1,25.6,37.6,13.0,8.5,4.0,16.9,22.3
130,Eastern Michigan Eagles,28.0,70.9,24.9,54.2,45.9,4.7,13.7,34.2,16.5,25.1,65.5,11.8,23.8,35.6,13.3,7.6,2.9,17.1,20.6
131,Hawai'i Rainbow Warriors,33.0,70.8,26.4,56.8,46.4,5.9,16.9,34.9,12.2,17.0,71.7,11.5,22.2,33.8,16.7,6.4,3.2,13.5,16.9
132,San Diego State Aztecs,30.0,70.8,26.2,61.4,42.7,6.0,18.8,32.0,12.4,17.8,69.8,13.6,22.3,35.9,14.1,8.2,2.7,13.3,18.6
133,Cal State Fullerton Titans,28.0,70.8,24.8,58.5,42.3,7.0,19.1,36.6,14.3,21.0,68.2,14.7,23.4,38.1,14.4,6.6,1.9,15.5,20.6
134,Bowling Green Falcons,31.0,70.8,23.3,51.9,44.8,6.5,17.5,36.9,17.8,22.9,77.5,10.4,23.8,34.2,15.1,5.4,3.9,16.4,23.9
135,Hofstra Pride,29.0,70.7,25.8,59.6,43.3,5.9,17.8,33.1,13.3,20.6,64.5,15.0,24.0,39.0,13.1,7.6,3.8,16.0,20.1
136,Central Connecticut Blue Devils,28.0,70.7,26.1,56.5,46.3,5.9,15.6,37.4,12.5,19.6,64.1,13.1,21.7,34.9,14.5,7.3,2.0,15.1,16.0
137,Villanova Wildcats,35.0,70.6,24.3,54.0,45.1,6.8,19.0,35.9,15.1,20.7,72.9,12.0,24.4,36.4,14.1,6.0,4.2,16.3,19.1
138,East Carolina Pirates,27.0,70.6,24.7,56.5,43.7,4.9,14.8,33.3,16.2,24.8,65.4,13.7,26.0,39.7,12.0,6.8,4.6,15.0,19.8
139,Ball State Cardinals,29.0,70.6,24.2,57.1,42.4,5.1,15.3,33.6,16.9,23.2,73.1,11.9,23.4,35.3,12.6,6.0,2.2,13.1,20.3
140,Central Michigan Chippewas,30.0,70.5,24.5,56.2,43.6,7.3,20.4,35.7,14.3,21.0,67.8,10.1,22.0,32.1,14.6,6.2,2.0,17.7,22.4
141,Notre Dame Fighting Irish,32.0,70.5,23.9,57.0,42.0,8.3,23.1,35.8,14.4,19.7,72.9,11.3,23.7,35.1,13.6,5.8,4.3,10.3,14.8
142,DePaul Blue Demons,32.0,70.5,25.4,54.8,46.3,5.1,14.1,36.2,14.6,21.0,69.7,11.9,24.3,36.2,13.7,5.5,2.3,13.2,17.5
143,Cornell Big Red,27.0,70.5,24.4,57.5,42.4,6.5,19.8,32.9,15.2,22.1,68.6,12.9,24.8,37.7,12.9,8.7,3.3,14.9,18.3
144,Nebraska Cornhuskers,31.0,70.5,24.7,52.9,46.6,6.8,17.4,38.9,14.3,19.9,71.8,11.5,24.5,36.1,14.0,6.3,3.9,13.5,18.5
145,Alabama A&M Bulldogs,30.0,70.4,24.0,58.7,40.9,6.2,19.5,31.7,16.2,23.5,68.8,12.9,24.2,37.1,12.6,7.3,2.6,16.2,21.6
146,Cal Poly Mustangs,27.0,70.4,25.2,56.8,44.4,6.1,18.5,33.2,13.8,19.7,70.0,10.4,23.3,33.7,13.5,7.7,3.3,15.2,19.3
147,UCF Knights,31.0,70.4,25.5,55.9,45.7,7.5,21.2,35.3,11.8,16.5,71.6,12.3,24.1,36.4,16.8,9.0,4.5,15.3,18.5
148,Duquesne Dukes,29.0,70.3,25.1,55.3,45.4,6.0,17.8,34.0,14.1,20.8,67.9,10.7,24.1,34.8,15.3,6.0,3.4,14.7,19.4
149,Centenary (LA) Gentlemen,28.0,70.2,24.4,51.6,47.4,5.3,14.5,36.6,16.0,22.3,71.8,10.3,20.1,30.4,12.6,8.8,3.0,15.0,22.0
150,Colorado State Rams,29.0,70.2,23.8,51.8,45.9,4.7,13.8,33.8,18.0,25.2,71.2,10.3,24.6,35.0,13.6,5.9,4.8,17.0,23.7
151,Middle Tennessee Blue Raiders,29.0,70.1,23.9,54.4,44.0,6.3,16.7,37.7,16.0,23.3,68.5,11.1,23.9,35.0,11.3,6.4,2.5,13.8,20.7
152,Loyola Chicago Ramblers,29.0,70.1,25.6,58.7,43.6,4.7,16.3,28.8,14.2,21.9,65.1,12.6,23.7,36.2,12.9,7.8,4.4,15.7,19.4
153,South Carolina Gamecocks,34.0,70.1,24.9,57.3,43.4,6.6,20.3,32.7,13.7,20.3,67.4,12.4,23.6,36.0,14.7,8.8,5.2,13.2,17.9
154,Minnesota Golden Gophers,30.0,70.1,25.1,58.6,42.9,5.6,18.0,31.4,14.2,19.8,71.4,13.4,22.9,36.3,15.0,6.9,4.7,13.8,18.5
155,Eastern Washington Eagles,30.0,70.1,24.9,52.5,47.5,6.0,16.3,36.7,14.3,20.3,70.6,9.3,21.3,30.6,16.0,6.4,1.6,15.1,20.1
156,Auburn Tigers,28.0,70.0,25.0,57.1,43.8,6.6,19.4,34.1,13.4,20.2,66.3,14.8,22.3,37.1,15.3,8.7,4.7,15.9,16.9
157,Grambling Tigers,29.0,70.0,25.3,58.2,43.4,6.6,18.1,36.2,12.9,20.9,61.8,11.8,23.9,35.8,16.1,6.8,2.5,16.8,22.0
158,Wyoming Cowboys,28.0,70.0,24.5,56.0,43.8,6.0,17.9,33.5,14.9,22.1,67.4,12.5,24.2,36.7,11.7,5.8,3.5,14.9,19.4
159,Drake Bulldogs,28.0,69.9,23.3,57.2,40.6,6.3,19.9,31.4,17.1,25.1,68.2,12.9,20.4,33.3,12.0,11.5,2.0,16.1,18.5
160,Montana Grizzlies,28.0,69.8,24.4,54.4,44.9,6.2,18.0,34.5,14.8,21.0,70.2,10.4,24.0,34.4,12.3,6.4,3.5,16.9,21.2
161,Portland Pilots,28.0,69.8,24.1,56.5,42.6,7.4,18.9,39.1,14.2,19.8,72.0,9.2,20.8,30.0,14.3,6.4,3.2,12.8,21.0
162,Marshall Thundering Herd,29.0,69.7,23.4,54.8,42.8,6.1,17.9,34.0,16.8,24.1,69.4,12.6,24.1,36.6,12.8,5.9,2.9,17.0,20.0
163,Appalachian State Mountaineers,30.0,69.7,25.5,62.5,40.9,6.8,20.9,32.6,11.8,18.5,64.1,13.6,21.3,34.9,14.6,10.8,4.6,16.5,20.3
164,New Orleans Privateers,31.0,69.7,24.5,58.9,41.6,6.0,16.8,35.4,14.7,22.9,64.2,13.3,24.1,37.4,11.7,6.5,3.6,13.0,18.7
165,New Mexico Lobos,28.0,69.6,22.9,51.0,44.8,8.5,22.5,37.6,15.4,21.3,72.2,9.8,23.0,32.8,14.0,5.7,3.1,13.1,17.9
166,Southern Jaguars,28.0,69.5,25.6,58.4,43.9,4.6,15.1,30.8,13.6,21.8,62.6,13.4,21.2,34.5,11.8,9.2,3.7,16.4,20.4
167,Denver Pioneers,27.0,69.5,24.3,56.2,43.2,6.9,18.2,37.6,14.1,20.5,68.7,11.4,24.1,35.6,14.2,6.9,3.5,13.7,18.8
168,UIC Flames,32.0,69.5,25.3,56.2,45.1,4.9,12.8,38.5,13.9,21.9,63.6,13.2,21.9,35.2,14.6,7.7,2.7,12.7,17.9
169,Lipscomb Bisons,28.0,69.5,24.4,54.6,44.7,6.0,17.5,34.6,14.6,22.7,64.6,10.6,22.7,33.3,11.8,6.5,3.3,16.0,19.2
170,Kansas State Wildcats,28.0,69.4,25.3,56.8,44.5,4.5,13.1,34.3,14.3,21.0,68.1,12.8,25.3,38.1,15.3,5.4,2.7,14.2,18.5
171,Fairleigh Dickinson Knights,29.0,69.4,25.5,59.4,42.9,7.0,20.3,34.5,11.4,16.5,69.1,11.4,21.6,32.9,13.7,7.3,4.3,12.1,19.8
172,Long Island University Sharks,27.0,69.3,24.2,56.7,42.7,6.1,19.1,32.2,14.8,22.5,65.6,11.7,25.9,37.7,13.1,5.9,3.3,17.9,19.0
173,Utah State Aggies,29.0,69.3,24.5,48.2,50.9,5.8,14.4,40.1,14.4,20.1,72.0,10.6,22.2,32.8,15.4,5.3,2.9,12.8,14.3
174,Northern Iowa Panthers,31.0,69.3,23.3,53.0,44.0,7.2,20.3,35.4,15.4,20.9,73.8,8.6,25.8,34.5,13.2,5.3,2.0,12.5,16.7
175,Liberty Flames,33.0,69.2,24.8,58.0,42.8,6.2,20.3,30.7,13.3,19.7,67.6,13.4,24.1,37.4,14.0,8.8,3.2,16.0,19.4
176,South Carolina State Bulldogs,29.0,69.1,23.8,52.9,45.0,5.0,15.3,32.9,16.4,22.7,72.4,12.0,22.0,34.0,11.3,8.6,1.9,16.1,19.7
177,Texas State Bobcats,28.0,69.0,23.9,54.7,43.7,7.5,21.3,35.2,13.8,18.8,73.2,11.6,22.0,33.6,14.5,7.0,2.0,14.9,21.4
178,Siena Saints,30.0,69.0,24.7,60.9,40.5,5.1,15.7,32.3,14.6,21.4,68.0,15.9,25.1,40.9,14.5,6.7,3.2,14.9,20.8
179,UC Riverside Highlanders,28.0,69.0,24.3,54.9,44.3,6.5,20.3,32.0,13.9,19.4,71.6,9.7,21.3,31.0,12.4,6.4,3.1,13.9,19.3
180,Tennessee State Tigers,28.0,69.0,25.1,60.5,41.5,8.1,22.9,35.4,10.7,15.9,67.3,11.6,19.1,30.7,14.1,7.1,1.7,12.0,20.7
181,Elon Phoenix,30.0,68.9,25.0,59.4,42.1,7.1,20.2,35.0,11.8,16.7,70.9,13.8,22.4,36.2,14.7,8.9,2.3,17.1,19.3
182,Rhode Island Rams,34.0,68.9,24.9,59.0,42.2,5.2,15.3,34.0,13.9,20.5,67.7,16.0,24.6,40.6,12.5,7.0,3.1,14.3,18.3
183,Arkansas Razorbacks,28.0,68.9,24.2,58.2,41.6,6.4,20.5,31.4,14.0,20.6,67.9,13.0,21.5,34.5,12.9,7.8,3.9,13.8,19.8
184,Michigan Wolverines,34.0,68.9,24.2,53.9,44.9,5.6,16.9,33.4,14.8,21.3,69.6,11.7,24.1,35.9,13.1,7.6,4.6,14.9,17.2
185,Pacific Tigers,33.0,68.8,23.2,49.5,46.8,5.9,16.5,35.7,16.6,22.6,73.6,9.2,24.2,33.4,14.5,5.9,3.1,14.3,17.0
186,Campbell Fighting Camels,27.0,68.8,25.1,63.8,39.4,5.8,19.3,29.9,12.7,19.3,66.0,13.6,23.4,37.1,13.6,7.7,1.4,17.0,21.9
187,Canisius Golden Griffins,30.0,68.8,25.4,58.3,43.6,6.9,18.1,38.1,11.0,17.5,63.0,12.1,25.1,37.1,15.3,5.9,3.0,14.9,19.0
188,Rutgers Scarlet Knights,33.0,68.7,23.3,55.9,41.6,7.2,19.9,36.4,14.9,21.1,70.4,12.3,24.8,37.1,13.1,6.3,5.9,14.3,18.4
189,Morgan State Bears,27.0,68.7,23.8,54.4,43.7,6.3,17.0,37.3,14.7,23.7,62.0,10.7,20.9,31.6,12.3,7.6,1.7,16.6,21.7
190,Montana State Bobcats,27.0,68.6,24.6,54.8,45.0,6.3,17.8,35.3,13.0,20.4,63.9,9.4,22.9,32.3,14.6,7.2,2.7,15.0,17.8
191,Robert Morris Colonials,29.0,68.6,24.0,52.6,45.7,7.3,19.9,37.0,13.2,17.6,75.4,8.4,23.5,31.9,11.9,4.9,2.0,13.6,17.6
192,Hampton Pirates,30.0,68.6,23.8,54.8,43.5,5.9,17.2,34.1,15.0,22.3,67.3,12.2,23.9,36.1,11.4,6.4,3.0,17.7,22.6
193,Maine Black Bears,30.0,68.5,23.1,52.1,44.3,7.1,20.9,34.1,15.3,21.4,71.5,9.3,27.0,36.3,13.3,7.1,3.9,15.1,16.8
194,Eastern Illinois Panthers,27.0,68.5,25.7,57.9,44.4,5.1,15.9,32.5,12.0,17.4,69.1,11.7,23.1,34.8,14.7,7.1,2.4,16.1,21.8
195,Creighton Bluejays,29.0,68.4,23.9,52.7,45.3,6.0,15.7,38.5,14.7,21.0,69.8,10.4,23.7,34.2,13.6,6.7,3.9,13.5,17.5
196,Wisconsin Badgers,31.0,68.4,23.5,53.0,44.5,6.0,17.7,33.9,15.3,21.3,71.8,11.2,21.5,32.7,13.5,6.9,2.8,9.9,15.3
197,Tulsa Golden Hurricane,29.0,68.3,25.0,57.0,43.8,5.9,17.8,33.3,12.5,18.7,66.7,9.3,24.3,33.6,11.6,7.4,3.8,13.5,18.9
198,UL Monroe Warhawks,31.0,68.3,24.5,59.4,41.4,6.0,17.7,34.1,13.2,20.3,64.8,13.2,23.3,36.5,12.5,7.9,3.3,18.2,21.0
199,Weber State Wildcats,29.0,68.3,23.1,51.3,44.9,6.1,15.7,38.7,16.1,22.7,70.8,10.3,22.5,32.8,11.7,4.9,0.8,13.4,18.0
200,Monmouth Hawks,33.0,68.3,22.8,54.6,41.7,7.2,20.5,35.0,15.5,21.0,74.0,9.2,23.8,33.0,13.8,7.6,2.5,13.5,17.5
201,Radford Highlanders,28.0,68.3,24.1,57.5,41.8,6.6,18.2,36.1,13.5,22.0,61.6,11.4,23.2,34.6,11.3,8.3,3.0,13.9,19.4
202,Mississippi Valley State Delta Devils,29.0,68.2,24.4,62.4,39.2,7.5,24.6,30.5,11.8,18.5,64.0,17.2,22.7,39.8,12.5,10.4,3.3,12.7,18.9
203,Cal State Northridge Matadors,30.0,68.2,23.6,53.5,44.0,5.8,17.1,34.1,15.2,21.0,72.3,11.0,19.1,30.1,12.5,9.9,2.3,16.4,21.0
204,Rider Broncs,31.0,68.1,24.0,57.5,41.7,7.3,21.5,33.9,12.8,18.3,70.2,11.7,24.6,36.4,13.4,6.9,2.7,13.4,17.4
205,Massachusetts Minutemen,29.0,68.1,24.9,57.1,43.6,6.6,19.8,33.5,11.7,18.5,63.2,12.4,22.9,35.3,15.4,6.1,5.3,15.3,16.4
206,San Diego Toreros,30.0,68.1,24.1,53.3,45.2,7.0,17.1,40.7,12.8,19.0,67.4,8.8,23.5,32.4,15.8,6.2,1.4,18.4,17.7
207,Boston College Eagles,34.0,68.0,24.1,52.9,45.5,3.8,11.6,32.6,16.1,23.6,67.9,12.5,23.5,36.0,16.0,7.1,3.0,13.5,15.8
208,St. Bonaventure Bonnies,28.0,68.0,24.4,62.1,39.3,7.9,24.7,32.1,11.3,15.8,71.5,12.4,20.5,32.8,12.6,7.6,1.9,13.1,19.4
209,Dayton Flyers,33.0,68.0,23.6,52.9,44.7,6.3,19.5,32.1,14.5,21.7,66.5,12.4,26.0,38.4,14.8,4.5,2.8,14.2,17.5
210,Stetson Hatters,27.0,68.0,24.1,59.0,40.8,4.4,15.0,29.6,15.4,22.0,69.7,14.3,22.0,36.3,11.1,9.7,2.2,15.2,18.4
211,Pittsburgh Panthers,36.0,67.9,25.1,53.4,47.1,4.2,13.6,30.6,13.6,20.8,65.3,12.9,23.7,36.7,14.5,6.0,4.7,12.6,14.8
212,Colgate Raiders,29.0,67.9,24.0,56.0,42.9,6.6,18.5,35.6,13.3,19.0,69.7,11.1,22.9,34.0,13.3,6.9,1.8,13.6,17.9
213,American University Eagles,30.0,67.8,23.6,53.0,44.5,6.7,18.1,37.1,13.9,20.7,67.1,11.0,23.5,34.5,13.4,7.7,2.2,14.4,18.4
214,Gardner-Webb Runnin' Bulldogs,29.0,67.7,24.7,59.2,41.7,8.0,23.7,33.7,10.4,14.6,71.2,12.2,24.4,36.6,15.0,6.5,2.6,16.7,17.7
215,Northern Illinois Huskies,30.0,67.7,23.2,52.6,44.1,7.0,19.1,36.6,14.3,21.8,65.5,11.7,23.9,35.6,13.2,5.5,4.4,16.3,20.5
216,Evansville Purple Aces,29.0,67.7,23.8,52.6,45.3,7.2,19.3,37.1,12.8,19.4,66.2,8.7,25.2,33.8,15.0,3.9,2.9,15.5,20.8
217,Loyola Marymount Lions,29.0,67.7,25.8,58.6,44.0,4.0,12.9,31.0,12.1,17.5,69.0,11.8,22.6,34.3,14.6,7.2,4.1,14.9,19.5
218,Fairfield Stags,30.0,67.6,23.5,55.6,42.3,5.3,15.3,34.6,15.2,20.7,73.7,12.5,23.3,35.7,12.8,7.1,4.3,14.2,18.1
219,Columbia Lions,27.0,67.6,23.4,53.8,43.6,7.8,20.5,38.2,12.9,18.1,71.0,10.3,22.9,33.2,15.7,7.4,1.4,18.7,23.3
220,Mount St. Mary's Mountaineers,29.0,67.5,24.0,58.3,41.1,6.8,19.9,34.4,12.8,18.5,68.9,12.2,23.3,35.5,12.1,6.9,1.9,14.2,20.7
221,Lehigh Mountain Hawks,30.0,67.4,23.6,55.6,42.4,6.4,18.6,34.6,13.9,19.3,71.7,11.9,24.6,36.5,13.5,7.5,3.5,14.6,18.7
222,Georgetown Hoyas,28.0,67.3,23.6,57.6,41.0,5.4,15.7,34.5,14.6,20.5,71.4,12.7,21.1,33.8,13.2,10.1,3.5,15.1,18.8
223,Portland State Vikings,27.0,67.0,23.9,53.1,44.9,4.3,13.9,30.7,15.1,22.8,66.2,11.2,25.3,36.4,11.8,6.2,3.6,17.0,21.2
224,Louisiana Tech Bulldogs,30.0,67.0,24.1,55.9,43.1,4.7,14.9,31.7,14.1,21.4,66.0,13.8,25.6,39.3,11.1,5.8,2.9,16.5,17.0
225,Youngstown State Penguins,28.0,67.0,23.4,53.5,43.8,4.5,13.0,34.6,15.7,23.1,67.9,11.5,21.3,32.9,13.4,7.8,2.9,16.5,21.9
226,Missouri State Bears,33.0,66.9,22.5,51.4,43.8,4.3,12.4,35.0,17.6,25.6,68.7,12.3,24.5,36.8,11.6,7.5,2.5,14.8,20.4
227,TCU Horned Frogs,29.0,66.9,22.8,54.9,41.4,6.4,19.1,33.3,15.0,22.2,67.6,11.5,23.5,35.0,12.6,6.1,2.4,14.8,19.4
228,California Golden Bears,28.0,66.9,24.1,55.1,43.7,4.5,14.6,31.0,14.1,22.5,62.8,12.4,22.8,35.1,13.8,6.2,2.9,14.1,19.3
229,St. Francis (PA) Red Flash,28.0,66.9,23.4,53.2,43.9,5.2,14.0,37.0,15.0,20.5,73.2,11.1,20.3,31.4,11.6,6.5,2.0,13.8,15.8
230,Ohio Bobcats,30.0,66.7,21.4,53.4,40.2,7.2,20.4,35.2,16.6,23.1,72.1,11.8,22.8,34.6,11.3,6.1,2.1,15.0,19.7
231,Wagner Seahawks,29.0,66.6,23.0,55.6,41.3,5.9,18.2,32.4,14.8,22.5,65.7,13.6,27.4,41.0,11.7,4.8,3.3,16.0,16.2
232,Virginia Tech Hokies,29.0,66.6,24.1,58.7,41.1,4.8,15.9,30.4,13.5,22.5,59.9,14.3,20.4,34.7,13.2,10.3,3.4,13.3,18.7
233,Boston University Terriers,29.0,66.6,23.9,55.8,42.9,6.1,18.7,32.6,12.7,18.3,69.2,11.6,23.1,34.7,14.5,7.9,3.6,12.1,18.5
234,UCLA Bruins,28.0,66.5,24.9,53.9,46.2,4.5,13.8,32.9,12.1,18.9,64.2,11.1,23.3,34.5,14.4,4.5,2.6,15.8,18.4
235,Georgia Bulldogs,30.0,66.5,22.1,52.1,42.5,6.0,17.5,34.2,16.3,23.0,70.6,13.0,21.5,34.4,13.2,8.1,3.2,15.2,19.4
236,Bradley Braves,31.0,66.4,21.5,53.2,40.4,6.2,18.9,32.8,17.2,23.7,72.5,10.7,23.1,33.8,12.2,7.2,1.8,15.7,22.1
237,Oklahoma Sooners,31.0,66.4,23.0,56.4,40.8,6.6,20.0,33.3,13.6,20.4,66.9,13.0,20.8,33.9,12.1,8.5,5.0,13.1,20.1
238,LSU Tigers,29.0,66.3,22.6,51.3,44.1,5.8,17.2,33.6,15.3,23.4,65.5,11.6,25.1,36.7,11.9,6.1,4.2,14.7,15.9
239,Wright State Raiders,28.0,66.3,23.5,52.6,44.6,4.9,14.4,33.7,14.5,20.7,70.2,9.9,23.8,33.7,11.5,4.5,1.1,12.8,17.4
240,Winthrop Eagles,28.0,66.3,23.4,54.0,43.3,5.6,17.3,32.2,13.9,20.0,69.6,12.4,21.6,34.0,13.0,8.8,4.4,14.3,19.2
241,Yale Bulldogs,27.0,66.2,24.7,52.8,46.8,5.4,15.6,34.5,11.4,17.0,66.9,9.4,23.2,32.7,15.0,6.8,3.6,15.1,18.1
242,Texas Southern Tigers,29.0,66.1,21.9,53.3,41.2,3.7,13.8,26.9,18.6,28.3,65.5,12.5,24.8,37.3,10.3,7.0,2.6,18.8,19.6
243,New Mexico State Aggies,27.0,66.1,23.1,55.1,42.0,6.1,18.3,33.7,13.6,19.4,70.2,12.8,22.7,35.5,12.0,5.9,4.3,14.8,17.1
244,Vermont Catamounts,31.0,66.0,23.7,56.1,42.2,6.5,19.9,32.9,12.1,17.8,67.9,11.6,24.7,36.3,14.4,7.0,2.8,12.5,15.4
245,UC Santa Barbara Gauchos,28.0,66.0,23.3,51.9,44.8,5.9,15.2,38.5,13.6,20.6,66.1,11.5,23.3,34.8,13.8,6.8,2.1,14.8,18.8
246,South Alabama Jaguars,28.0,65.9,23.8,56.9,41.8,7.7,22.8,33.9,10.6,16.3,65.1,12.2,19.9,32.1,11.2,7.3,1.9,13.8,20.0
247,Western Illinois Leathernecks,28.0,65.9,21.9,51.1,42.9,6.5,18.2,35.9,15.5,22.2,69.9,8.4,21.2,29.6,13.5,6.2,1.3,17.6,17.8
248,Chicago State Cougars,32.0,65.8,23.3,53.8,43.3,4.5,12.4,36.4,14.7,21.0,70.0,11.6,19.5,31.2,11.4,7.1,3.0,13.8,21.9
249,Santa Clara Broncos,31.0,65.8,22.8,54.7,41.7,6.9,20.5,33.8,13.4,19.4,68.8,12.0,22.2,34.2,12.5,6.9,2.8,14.0,18.4
250,Nicholls Colonels,27.0,65.7,22.3,56.6,39.4,6.7,20.1,33.4,14.3,20.8,68.9,12.6,22.2,34.9,11.2,6.3,1.6,17.4,19.7
251,Clemson Tigers,28.0,65.7,23.2,53.7,43.2,4.8,14.9,32.1,14.5,23.0,63.1,14.2,23.3,37.5,12.8,6.8,4.5,19.2,18.6
252,West Virginia Mountaineers,31.0,65.6,22.8,52.6,43.3,7.6,21.2,36.0,12.5,18.0,69.5,9.3,22.0,31.2,14.5,7.4,5.7,13.0,15.3
253,Samford Bulldogs,28.0,65.6,23.0,47.1,48.9,9.4,24.0,39.2,10.2,14.3,71.7,5.7,22.6,28.3,16.4,5.6,2.0,14.6,15.8
254,Austin Peay Governors,32.0,65.6,23.1,52.3,44.2,5.7,17.4,32.7,13.7,19.8,69.3,9.9,24.1,34.1,12.7,6.8,4.1,13.8,17.4
255,Green Bay Phoenix,28.0,65.5,22.2,52.1,42.6,6.3,17.4,36.3,14.9,20.7,71.8,9.8,23.1,32.9,12.8,5.9,2.5,13.7,18.8
256,Tulane Green Wave,28.0,65.4,23.3,56.9,40.9,5.7,17.6,32.4,13.1,20.3,64.4,13.5,26.1,39.6,14.3,6.2,4.3,16.6,18.9
257,Temple Owls,29.0,65.1,22.7,59.2,38.3,7.0,24.9,28.0,12.9,19.7,65.2,14.4,22.2,36.6,8.7,8.4,2.9,9.0,16.4
258,La Salle Explorers,30.0,65.1,22.7,54.9,41.3,5.7,18.7,30.4,14.0,20.0,70.1,11.6,21.0,32.7,10.9,6.4,2.0,13.5,17.9
259,San Francisco Dons,31.0,65.0,24.0,55.2,43.5,5.0,16.2,31.0,11.9,18.4,65.0,12.1,21.4,33.5,13.5,7.6,2.4,15.8,20.1
260,Ohio State Buckeyes,30.0,65.0,22.8,51.5,44.4,4.9,14.4,34.1,14.4,22.2,64.9,12.3,21.3,33.6,11.7,6.6,2.4,14.6,19.6
261,Detroit Mercy Titans,30.0,64.9,23.8,51.8,45.9,5.7,16.4,35.0,11.6,16.7,69.3,11.0,20.7,31.7,14.0,7.1,2.8,13.5,18.8
262,Bucknell Bison,29.0,64.9,23.1,50.1,46.1,4.8,16.6,29.0,13.9,20.8,66.9,10.2,24.3,34.6,12.9,8.4,2.4,16.7,19.3
263,Purdue Boilermakers,31.0,64.9,22.6,53.0,42.6,5.0,14.8,33.5,14.8,20.1,73.6,11.2,22.6,33.8,13.9,5.7,3.4,13.3,18.3
264,Southern Miss Golden Eagles,28.0,64.9,23.3,55.2,42.2,4.3,13.6,31.8,14.0,21.0,66.6,12.0,24.3,36.3,12.3,7.0,2.6,14.8,18.3
265,Indiana Hoosiers,29.0,64.9,22.3,56.1,39.7,7.0,21.3,33.0,13.3,18.3,72.4,11.8,23.4,35.2,11.9,5.1,3.5,12.4,18.5
266,James Madison Dukes,28.0,64.9,23.6,57.3,41.2,6.2,19.8,31.5,11.5,16.6,69.1,11.3,20.3,31.5,12.0,7.4,2.5,13.1,19.1
267,Harvard Crimson,27.0,64.7,22.3,56.5,39.4,5.9,19.4,30.6,14.3,20.2,70.8,12.1,22.6,34.7,11.0,7.9,3.3,19.1,21.1
268,Utah Utes,33.0,64.7,23.3,49.4,47.1,5.9,15.3,38.7,12.2,16.8,72.3,10.8,23.8,34.5,12.9,4.4,3.4,14.0,17.2
269,SMU Mustangs,30.0,64.6,23.1,53.6,43.1,6.2,19.3,32.4,12.1,18.1,67.2,10.6,21.0,31.6,12.5,7.5,2.9,14.6,15.8
270,Richmond Spiders,34.0,64.6,22.3,54.1,41.3,5.7,18.4,31.3,14.2,19.6,72.2,11.9,23.1,35.0,12.4,7.0,4.2,13.0,18.7
271,Cleveland State Vikings,29.0,64.4,22.4,54.9,40.8,5.4,17.6,30.9,14.2,21.9,64.6,12.9,22.9,35.9,11.5,6.9,4.0,18.4,20.9
272,Southern Utah Thunderbirds,28.0,64.4,22.7,47.3,48.0,6.4,15.0,42.4,12.6,18.9,67.0,7.5,20.6,28.2,11.8,7.8,2.3,15.3,17.9
273,Alcorn State Braves,29.0,64.0,22.3,52.4,42.5,5.6,15.9,35.1,13.8,20.4,67.7,11.3,21.8,33.2,11.3,6.2,2.1,19.3,19.4
274,Baylor Bears,29.0,63.7,22.6,53.1,42.6,5.8,18.4,31.5,12.7,18.3,69.1,12.2,19.6,31.8,12.1,7.4,2.5,15.4,16.0
275,UC Irvine Anteaters,28.0,63.6,21.8,48.1,45.4,5.5,14.6,37.9,14.5,21.1,68.5,10.2,22.8,33.0,13.7,5.6,2.5,16.1,19.3
276,Idaho Vandals,30.0,63.5,21.9,54.1,40.5,5.3,16.3,32.3,14.5,20.0,72.5,11.8,21.1,32.9,10.2,6.5,3.2,12.8,19.5
277,Jackson State Tigers,29.0,63.3,21.1,54.5,38.7,5.5,17.1,32.3,15.6,23.1,67.4,11.7,23.4,35.1,11.7,9.9,3.7,17.2,22.4
278,Ole Miss Rebels,28.0,63.2,22.9,52.7,43.5,5.9,17.7,33.5,11.4,17.6,65.0,9.4,20.9,30.3,13.4,6.9,2.1,13.1,21.5
279,Holy Cross Crusaders,28.0,63.1,22.5,54.7,41.2,5.3,15.7,33.9,12.7,21.5,59.2,13.7,20.9,34.6,14.3,10.7,4.5,14.0,19.4
280,UNC Asheville Bulldogs,29.0,63.0,23.0,57.0,40.4,6.6,20.9,31.7,10.4,15.2,68.4,11.3,22.0,33.4,13.7,7.6,4.7,15.4,16.7
281,Illinois State Redbirds,29.0,62.9,22.5,50.6,44.5,5.8,16.1,36.3,12.1,17.7,68.6,9.0,21.6,30.6,12.3,7.0,2.8,14.6,19.5
282,Long Beach State Beach,27.0,62.9,22.4,54.1,41.5,5.1,15.7,32.5,12.9,19.7,65.4,11.7,20.7,32.4,12.4,4.9,2.8,15.7,19.0
283,Miami (OH) RedHawks,29.0,62.9,20.7,51.1,40.4,6.4,20.7,31.2,15.1,21.5,70.2,11.6,21.2,32.7,12.2,6.2,1.7,12.3,20.1
284,Princeton Tigers,28.0,62.9,22.6,47.1,48.1,6.0,17.9,33.8,11.5,16.2,71.1,8.6,22.0,30.6,13.4,6.9,3.2,13.3,18.1
285,Fresno State Bulldogs,29.0,62.8,22.2,51.2,43.3,6.4,17.5,36.7,12.1,17.1,70.4,11.3,24.1,35.4,13.8,5.1,2.9,13.7,15.8
286,Saint Louis Billikens,32.0,62.7,21.6,50.5,42.8,6.0,17.5,34.2,13.4,19.1,70.3,8.3,22.8,31.1,13.3,7.1,1.5,12.6,17.3
287,Hartford Hawks,29.0,62.6,22.8,54.7,41.6,5.7,18.7,30.7,11.3,17.2,66.1,12.0,22.8,34.8,11.0,7.6,1.9,15.9,20.3
288,Stony Brook Seawolves,30.0,62.6,22.1,52.3,42.3,4.4,14.0,31.6,13.9,20.1,68.9,10.9,21.7,32.7,10.7,7.3,2.5,15.2,18.4
289,Butler Bulldogs,30.0,62.4,21.5,51.8,41.6,8.2,23.8,34.3,11.2,14.6,76.3,9.6,20.0,29.6,11.3,5.3,2.0,10.3,18.9
290,Coppin State Eagles,31.0,62.0,21.1,51.2,41.1,6.5,17.9,36.6,13.3,20.0,66.7,11.3,23.0,34.3,11.1,6.2,3.2,15.1,17.7
291,Purdue Fort Wayne Mastodons,28.0,62.0,22.5,53.3,42.2,5.4,17.9,30.2,11.6,17.8,65.4,10.5,23.1,33.6,12.9,5.4,3.2,15.5,18.3
292,Fordham Rams,28.0,62.0,22.3,55.3,40.2,7.5,23.4,31.9,10.0,17.3,57.7,10.9,20.5,31.4,12.6,7.9,2.6,16.5,18.6
293,Prairie View A&M Panthers,27.0,62.0,21.4,54.5,39.3,3.6,12.1,29.9,15.4,24.7,62.5,13.1,22.7,35.8,9.9,5.4,2.4,16.4,20.0
294,St. John's Red Storm,27.0,62.0,23.6,59.6,39.7,4.4,14.1,31.5,10.3,16.0,64.1,14.9,22.0,36.9,10.7,8.0,4.3,15.3,17.9
295,Norfolk State Spartans,29.0,61.9,20.2,51.5,39.2,5.3,16.9,31.6,16.1,22.4,72.0,11.7,21.5,33.2,9.2,7.3,2.5,16.2,20.2
296,Northwestern Wildcats,29.0,61.6,21.8,49.9,43.7,7.1,22.3,31.6,10.9,16.3,66.8,7.6,18.9,26.4,15.0,8.2,1.5,11.3,15.6
297,Marist Red Foxes,28.0,61.5,22.8,58.0,39.3,5.8,18.6,31.2,10.1,15.5,65.1,11.9,22.6,34.4,13.6,6.8,2.9,14.0,17.4
298,UNC Wilmington Seahawks,30.0,61.5,21.6,52.8,40.8,6.2,18.5,33.8,12.1,17.9,67.6,10.9,21.7,32.5,12.0,7.9,1.3,13.5,19.3
299,Delaware State Hornets,28.0,61.5,20.5,46.0,44.5,5.4,16.2,33.1,15.1,21.8,69.2,9.5,19.5,28.9,10.6,6.8,2.6,15.3,17.6
300,Alabama State Hornets,31.0,61.4,20.6,49.0,42.1,5.6,16.7,33.5,14.6,22.3,65.6,11.6,22.7,34.4,10.2,7.1,3.1,17.3,18.7
301,San Jos√© State Spartans,29.0,61.3,22.5,52.7,42.7,5.9,15.6,37.5,10.5,15.9,66.0,9.2,20.3,29.5,12.4,5.9,1.6,13.3,20.2
302,South Florida Bulls,27.0,61.3,21.9,51.1,42.9,4.6,14.3,31.9,12.9,19.8,65.4,10.3,23.9,34.2,13.0,5.3,5.3,15.3,18.0
303,Towson Tigers,29.0,61.1,21.3,54.1,39.4,5.4,16.2,33.3,13.1,19.7,66.3,11.8,21.9,33.7,13.3,6.7,4.0,15.4,19.0
304,Savannah State Tigers,28.0,60.4,23.0,62.3,36.8,4.6,15.5,29.7,9.9,17.2,57.3,15.4,22.1,37.6,9.7,6.9,3.8,17.8,23.6
305,New Hampshire Wildcats,30.0,60.4,21.4,51.8,41.3,6.0,17.4,34.4,11.6,17.6,65.9,11.1,23.5,34.6,11.8,6.9,2.6,16.5,16.1
306,UMBC Retrievers,28.0,60.1,22.6,54.9,41.3,4.0,12.6,31.9,10.8,17.3,62.6,12.4,22.0,34.4,13.0,6.9,3.5,14.2,19.8
307,Howard Bison,28.0,60.1,21.8,54.8,39.9,5.2,16.6,31.5,11.3,17.1,65.8,11.3,22.6,33.9,10.2,6.5,2.4,16.1,21.4
308,Binghamton Bearcats,30.0,60.1,21.0,51.6,40.7,5.4,16.9,31.7,12.7,19.9,63.9,11.9,23.3,35.2,10.5,6.7,5.2,17.0,18.8
309,Loyola Maryland Greyhounds,28.0,59.9,20.9,55.3,37.8,6.7,20.9,32.2,11.4,17.3,66.0,10.9,22.5,33.4,11.9,5.3,2.7,15.8,17.6
310,Air Force Falcons,29.0,59.9,20.2,41.9,48.1,8.4,22.3,37.9,11.1,15.6,71.1,6.0,15.5,21.5,13.3,7.8,2.3,11.0,16.6
311,Charleston Southern Buccaneers,28.0,59.3,22.4,53.0,42.3,5.1,16.3,31.2,9.4,14.9,63.5,10.4,21.9,32.3,13.3,7.3,3.7,15.5,20.1
312,Bethune-Cookman Wildcats,29.0,59.0,20.9,53.4,39.1,6.1,19.2,31.5,11.1,15.9,69.9,10.7,21.2,32.0,10.6,8.3,2.1,15.9,18.3
313,Houston Cougars,27.0,59.0,21.1,53.8,39.2,5.4,18.0,30.2,11.3,17.9,63.3,11.1,23.8,34.9,10.0,6.0,5.6,14.0,20.0
314,Maryland-Eastern Shore Hawks,29.0,58.8,19.8,51.8,38.2,5.9,18.9,31.1,13.3,19.1,69.8,10.6,21.2,31.8,8.0,5.3,2.2,15.2,20.3
315,The Citadel Bulldogs,28.0,58.6,20.9,56.3,37.2,6.6,21.9,30.1,10.1,15.0,67.5,11.9,22.0,34.0,10.9,7.6,3.3,17.0,20.8
316,Penn State Nittany Lions,28.0,58.3,20.9,52.5,39.8,5.0,15.1,33.3,11.4,17.2,66.2,12.4,22.6,35.0,12.1,5.0,2.5,15.8,15.7
317,Indiana State Sycamores,28.0,58.0,20.6,50.4,40.9,6.4,18.1,35.1,10.3,16.0,64.5,9.5,20.6,30.0,10.8,6.9,2.3,13.5,16.2
318,UAlbany Great Danes,28.0,57.9,21.4,53.3,40.1,4.8,16.3,29.7,10.4,14.0,73.8,10.2,22.5,32.7,11.2,6.7,2.3,15.8,16.9
319,Washington State Cougars,29.0,57.9,20.2,50.6,40.0,6.2,18.6,33.6,11.2,15.0,74.9,9.7,19.4,29.1,11.3,6.1,1.8,12.1,17.3
320,North Carolina A&T Aggies,28.0,57.8,20.6,57.0,36.1,4.7,18.1,25.9,11.9,21.2,56.3,13.3,20.0,33.3,9.3,8.8,3.5,22.3,23.9
321,VMI Keydets,28.0,57.4,21.2,52.5,40.3,4.4,16.8,26.2,10.7,16.9,63.3,10.3,22.2,32.5,12.5,7.4,2.8,18.1,17.3
322,Dartmouth Big Green,28.0,56.9,20.0,49.2,40.7,6.5,19.0,34.0,10.4,14.5,71.5,6.1,22.7,28.8,10.8,5.4,3.7,14.2,17.3
323,Navy Midshipmen,28.0,56.3,21.3,54.0,39.4,4.2,14.1,29.9,9.5,16.4,57.9,13.5,21.8,35.3,12.7,7.8,2.8,20.1,20.3
324,Florida International Panthers,27.0,56.1,19.8,49.1,40.4,4.2,14.6,28.9,12.3,19.2,63.9,10.9,21.6,32.5,9.0,5.9,2.9,19.0,18.9
325,Arkansas-Pine Bluff Golden Lions,27.0,52.2,18.9,55.0,34.4,5.0,18.0,27.9,9.3,14.6,63.8,10.8,23.9,34.7,10.0,5.5,2.4,19.2,21.0
